country_code,country_url,country_name
0,,Unknown
3,www.parkrun.com.au,Australia
4,www.parkrun.co.at,Austria
14,www.parkrun.ca,Canada
23,www.parkrun.dk,Denmark
30,www.parkrun.fi,Finland
32,www.parkrun.com.de,Germany
42,www.parkrun.ie,Ireland
44,www.parkrun.it,Italy
46,www.parkrun.jp,Japan
54,www.parkrun.lt,Lithuania
57,www.parkrun.my,Malaysia
64,www.parkrun.co.nl,Netherlands
65,www.parkrun.co.nz,New Zealand
67,www.parkrun.no,Norway
74,www.parkrun.pl,Poland
82,www.parkrun.sg,Singapore
85,www.parkrun.co.za,South Africa
88,www.parkrun.se,Sweden
97,www.parkrun.org.uk,United Kingdom
98,www.parkrun.us,United States
